<?xml version='1.0'?>
<module>
    <name>SignedRecord</name>
    <label>Signed Record</label>
    <type>entity</type>
    <version>1.0.0</version>
    <dependencies>
        <vtiger_version>6.0.0</vtiger_version>
    </dependencies>
	<license>
		<file>License.txt</file>
	</license>
    <tables>
        <table>
            <name>vtiger_signedrecord</name>
            <sql><![CDATA[CREATE TABLE IF NOT EXISTS `vtiger_signedrecord` (
						  `signedrecordid` int(19) NOT NULL,
						  `signedrecordno` varchar(255) NOT NULL,
						  `signature` text,
						  `signature_name` varchar(255) DEFAULT NULL COMMENT '// name of signature',
						  `signature_date` date DEFAULT NULL COMMENT '// date of signature',
						  `filename` text COMMENT '// file(signed or rejected document) to download',
						  `signedrecord_status` varchar(50) DEFAULT NULL COMMENT '// update this field with "accept & sign" or "decline" value(based on mapping)',
						  `related_to` int(19) DEFAULT NULL,
						  PRIMARY KEY (`signedrecordid`)
						) ENGINE=InnoDB  DEFAULT CHARSET=utf8;]]></sql>
        </table>
		<table>
            <name>vtiger_signedrecord</name>
            <sql><![CDATA[ALTER TABLE `vtiger_signedrecord`
							ADD COLUMN `signedrecord_type` VARCHAR(50) NULL DEFAULT NULL COMMENT '// *If user signs document - set type to "Signed"; *If user OPENS document - set type to "Opened"';]]></sql>
        </table>
        <table>
            <name>vtiger_signedrecordcf</name>
            <sql><![CDATA[CREATE TABLE IF NOT EXISTS `vtiger_signedrecordcf` (
						  `signedrecordid` int(19) NOT NULL,
						  `cf_signature_time` varchar(100) DEFAULT NULL,
						  PRIMARY KEY (`signedrecordid`)
						) ENGINE=InnoDB  DEFAULT CHARSET=utf8;]]></sql>
        </table>
		<table>
			<name>vtiger_signedrecord</name>
			<sql><![CDATA[ALTER TABLE `vtiger_signedrecord` ADD INDEX `related_to_index` (`related_to`) USING BTREE ;]]></sql>
		</table>
    </tables>
    <blocks>
        <block>
            <label>LBL_DETAIL</label>
            <fields>
                <field>
                    <fieldname>signedrecordno</fieldname>
                    <uitype>4</uitype>
                    <columnname>signedrecordno</columnname>
                    <tablename>vtiger_signedrecord</tablename>
                    <generatedtype>1</generatedtype>
                    <fieldlabel>Signed Record Number</fieldlabel>
                    <readonly>1</readonly>
                    <presence>2</presence>
                    <defaultvalue></defaultvalue>
                    <sequence>0</sequence>
                    <maximumlength>100</maximumlength>
                    <typeofdata>V~M</typeofdata>
                    <quickcreate>1</quickcreate>
                    <quickcreatesequence></quickcreatesequence>
                    <displaytype>1</displaytype>
                    <info_type>BAS</info_type>
                    <helpinfo><![CDATA[]]></helpinfo>
                    <masseditable>1</masseditable>
                    <summaryfield>0</summaryfield>
                    <entityidentifier>
                        <entityidfield>signedrecordid</entityidfield>
                        <entityidcolumn>signedrecordid</entityidcolumn>
                    </entityidentifier>
                </field>
                <field>
                    <fieldname>related_to</fieldname>
                    <uitype>10</uitype>
                    <columnname>related_to</columnname>
                    <tablename>vtiger_signedrecord</tablename>
                    <generatedtype>1</generatedtype>
                    <fieldlabel>Related To</fieldlabel>
                    <readonly>1</readonly>
                    <presence>2</presence>
                    <defaultvalue></defaultvalue>
                    <sequence>1</sequence>
                    <maximumlength>100</maximumlength>
                    <typeofdata>V~O</typeofdata>
                    <quickcreate>1</quickcreate>
                    <quickcreatesequence></quickcreatesequence>
                    <displaytype>1</displaytype>
                    <info_type>BAS</info_type>
                    <helpinfo><![CDATA[]]></helpinfo>
                    <masseditable>1</masseditable>
                    <summaryfield>0</summaryfield>
                    <relatedmodules>
                        <relatedmodule>Quotes</relatedmodule>
                        <relatedmodule>HelpDesk</relatedmodule>
                        <relatedmodule>Potentials</relatedmodule>
                        <relatedmodule>Contacts</relatedmodule>
                        <relatedmodule>Leads</relatedmodule>
                        <relatedmodule>Accounts</relatedmodule>
                        <relatedmodule>Invoice</relatedmodule>
                        <relatedmodule>PurchaseOrder</relatedmodule>
                        <relatedmodule>SalesOrder</relatedmodule>
                        <relatedmodule>ServiceContracts</relatedmodule>
                        <relatedmodule>Project</relatedmodule>
                        <relatedmodule>ProjectTask</relatedmodule>
                        <relatedmodule>ProjectMilestone</relatedmodule>
                    </relatedmodules>
                </field>
                <field>
                    <fieldname>signedrecord_type</fieldname>
                    <uitype>16</uitype>
                    <columnname>signedrecord_type</columnname>
                    <tablename>vtiger_signedrecord</tablename>
                    <generatedtype>1</generatedtype>
                    <fieldlabel>Type</fieldlabel>
                    <readonly>1</readonly>
                    <presence>2</presence>
                    <defaultvalue></defaultvalue>
                    <sequence>2</sequence>
                    <maximumlength>100</maximumlength>
                    <typeofdata>V~O</typeofdata>
                    <quickcreate>1</quickcreate>
                    <quickcreatesequence></quickcreatesequence>
                    <displaytype>1</displaytype>
                    <info_type>BAS</info_type>
                    <helpinfo><![CDATA[]]></helpinfo>
                    <masseditable>1</masseditable>
                    <summaryfield>1</summaryfield>
                    <picklistvalues>
                        <picklistvalue>Signed</picklistvalue>
                        <picklistvalue>Opened</picklistvalue>
                    </picklistvalues>
                </field>
                <field>
                    <fieldname>signature</fieldname>
                    <uitype>19</uitype>
                    <columnname>signature</columnname>
                    <tablename>vtiger_signedrecord</tablename>
                    <generatedtype>1</generatedtype>
                    <fieldlabel>Signature</fieldlabel>
                    <readonly>1</readonly>
                    <presence>2</presence>
                    <defaultvalue></defaultvalue>
                    <sequence>4</sequence>
                    <maximumlength>100</maximumlength>
                    <typeofdata>V~O</typeofdata>
                    <quickcreate>1</quickcreate>
                    <quickcreatesequence></quickcreatesequence>
                    <displaytype>1</displaytype>
                    <info_type>BAS</info_type>
                    <helpinfo><![CDATA[]]></helpinfo>
                    <masseditable>1</masseditable>
                </field>
                <field>
                    <fieldname>signature_name</fieldname>
                    <uitype>1</uitype>
                    <columnname>signature_name</columnname>
                    <tablename>vtiger_signedrecord</tablename>
                    <generatedtype>1</generatedtype>
                    <fieldlabel>Signature Name</fieldlabel>
                    <readonly>1</readonly>
                    <presence>2</presence>
                    <defaultvalue></defaultvalue>
                    <sequence>5</sequence>
                    <maximumlength>100</maximumlength>
                    <typeofdata>V~O</typeofdata>
                    <quickcreate>1</quickcreate>
                    <quickcreatesequence></quickcreatesequence>
                    <displaytype>1</displaytype>
                    <info_type>BAS</info_type>
                    <helpinfo><![CDATA[]]></helpinfo>
                    <masseditable>1</masseditable>
                    <summaryfield>1</summaryfield>
                </field>
                <field>
                    <fieldname>signature_date</fieldname>
                    <uitype>5</uitype>
                    <columnname>signature_date</columnname>
                    <tablename>vtiger_signedrecord</tablename>
                    <generatedtype>1</generatedtype>
                    <fieldlabel>Signature Date</fieldlabel>
                    <readonly>1</readonly>
                    <presence>2</presence>
                    <defaultvalue></defaultvalue>
                    <sequence>6</sequence>
                    <maximumlength>100</maximumlength>
                    <typeofdata>D~O</typeofdata>
                    <quickcreate>1</quickcreate>
                    <quickcreatesequence></quickcreatesequence>
                    <displaytype>1</displaytype>
                    <info_type>BAS</info_type>
                    <helpinfo><![CDATA[]]></helpinfo>
                    <masseditable>1</masseditable>
                    <summaryfield>1</summaryfield>
                </field>
                <field>
                    <fieldname>filename</fieldname>
                    <uitype>28</uitype>
                    <columnname>filename</columnname>
                    <tablename>vtiger_signedrecord</tablename>
                    <generatedtype>1</generatedtype>
                    <fieldlabel>File Name</fieldlabel>
                    <readonly>1</readonly>
                    <presence>2</presence>
                    <defaultvalue></defaultvalue>
                    <sequence>7</sequence>
                    <maximumlength>100</maximumlength>
                    <typeofdata>V~O</typeofdata>
                    <quickcreate>1</quickcreate>
                    <quickcreatesequence></quickcreatesequence>
                    <displaytype>1</displaytype>
                    <info_type>BAS</info_type>
                    <helpinfo><![CDATA[]]></helpinfo>
                    <masseditable>1</masseditable>
                    <summaryfield>0</summaryfield>
                </field>
                <field>
                    <fieldname>signedrecord_status</fieldname>
                    <uitype>16</uitype>
                    <columnname>signedrecord_status</columnname>
                    <tablename>vtiger_signedrecord</tablename>
                    <generatedtype>1</generatedtype>
                    <fieldlabel>Status</fieldlabel>
                    <readonly>1</readonly>
                    <presence>2</presence>
                    <defaultvalue></defaultvalue>
                    <sequence>8</sequence>
                    <maximumlength>100</maximumlength>
                    <typeofdata>V~O</typeofdata>
                    <quickcreate>1</quickcreate>
                    <quickcreatesequence></quickcreatesequence>
                    <displaytype>1</displaytype>
                    <info_type>BAS</info_type>
                    <helpinfo><![CDATA[]]></helpinfo>
                    <masseditable>1</masseditable>
                    <summaryfield>1</summaryfield>
                    <picklistvalues>
                        <picklistvalue>Accept and Sign</picklistvalue>
                        <picklistvalue>Decline</picklistvalue>
                    </picklistvalues>
                </field>
                <field>
                    <fieldname>createdtime</fieldname>
                    <uitype>70</uitype>
                    <columnname>createdtime</columnname>
                    <tablename>vtiger_crmentity</tablename>
                    <generatedtype>1</generatedtype>
                    <fieldlabel>Created Time</fieldlabel>
                    <readonly>1</readonly>
                    <presence>2</presence>
                    <defaultvalue></defaultvalue>
                    <sequence>9</sequence>
                    <maximumlength>100</maximumlength>
                    <typeofdata>T~O</typeofdata>
                    <quickcreate>1</quickcreate>
                    <quickcreatesequence></quickcreatesequence>
                    <displaytype>3</displaytype>
                    <info_type>BAS</info_type>
                    <helpinfo><![CDATA[]]></helpinfo>
                    <masseditable>1</masseditable>
                </field>
                <field>
                    <fieldname>modifiedtime</fieldname>
                    <uitype>70</uitype>
                    <columnname>modifiedtime</columnname>
                    <tablename>vtiger_crmentity</tablename>
                    <generatedtype>1</generatedtype>
                    <fieldlabel>Modified Time</fieldlabel>
                    <readonly>1</readonly>
                    <presence>2</presence>
                    <defaultvalue></defaultvalue>
                    <sequence>10</sequence>
                    <maximumlength>100</maximumlength>
                    <typeofdata>T~O</typeofdata>
                    <quickcreate>1</quickcreate>
                    <quickcreatesequence></quickcreatesequence>
                    <displaytype>3</displaytype>
                    <info_type>BAS</info_type>
                    <helpinfo><![CDATA[]]></helpinfo>
                    <masseditable>1</masseditable>
                </field>
				<field>
				  <fieldname>assigned_user_id</fieldname>
				  <uitype>53</uitype>
				  <columnname>smownerid</columnname>
				  <tablename>vtiger_crmentity</tablename>
				  <generatedtype>1</generatedtype>
				  <fieldlabel>Assigned To</fieldlabel>
				  <readonly>1</readonly>
				  <presence>2</presence>
				  <defaultvalue></defaultvalue>
				  <sequence>11</sequence>
				  <maximumlength>100</maximumlength>
				  <typeofdata>V~M</typeofdata>
				  <quickcreate>1</quickcreate>
				  <quickcreatesequence></quickcreatesequence>
				  <displaytype>1</displaytype>
				  <info_type>BAS</info_type>
				  <masseditable>1</masseditable>
				</field>
            </fields>
        </block>
        <block>
            <label>LBL_CUSTOM_INFORMATION</label>
        </block>
    </blocks>
    <customviews>
        <customview>
            <viewname>All</viewname>
            <setdefault>true</setdefault>
            <setmetrics>false</setmetrics>
            <fields>
                <field>
                    <fieldname>signedrecordno</fieldname>
                    <columnindex>0</columnindex>
                </field>
                <field>
                    <fieldname>signature_date</fieldname>
                    <columnindex>1</columnindex>
                </field>
                <field>
                    <fieldname>signature_name</fieldname>
                    <columnindex>2</columnindex>
                </field>
                <field>
                    <fieldname>related_to</fieldname>
                    <columnindex>3</columnindex>
                </field>
            </fields>
        </customview>
    </customviews>
    <sharingaccess>
        <default>private</default>
    </sharingaccess>
    <actions>
        <action>
            <name><![CDATA[Import]]></name>
            <status>enabled</status>
        </action>
        <action>
            <name><![CDATA[Export]]></name>
            <status>enabled</status>
        </action>
        <action>
            <name><![CDATA[Merge]]></name>
            <status>enabled</status>
        </action>
    </actions>
</module>